{
  "Topologies": {
    "4x4 Grid": {
      "myroutelium": {
        "total_sent": 281,
        "total_delivered": 281,
        "total_dropped": 0,
        "delivery_rate": 1.0,
        "avg_latency": 18.11387900355872,
        "avg_path_diversity": 1.0,
        "avg_hops": 3.622775800711744,
        "avg_calcium_boost": 0.049613416375034254
      },
      "dijkstra": {
        "total_sent": 281,
        "total_delivered": 281,
        "total_dropped": 0,
        "delivery_rate": 1.0,
        "avg_latency": 12.95373665480427,
        "avg_path_diversity": 1.0,
        "avg_hops": 2.590747330960854
      }
    },
    "6x6 Grid": {
      "myroutelium": {
        "total_sent": 293,
        "total_delivered": 292,
        "total_dropped": 1,
        "delivery_rate": 0.9965870307167235,
        "avg_latency": 34.657534246575345,
        "avg_path_diversity": 1.0,
        "avg_hops": 6.931506849315069,
        "avg_calcium_boost": 0.028665700503228298
      },
      "dijkstra": {
        "total_sent": 293,
        "total_delivered": 293,
        "total_dropped": 0,
        "delivery_rate": 1.0,
        "avg_latency": 20.358361774744026,
        "avg_path_diversity": 1.0,
        "avg_hops": 4.071672354948806
      }
    },
    "Ring (12 nodes)": {
      "myroutelium": {
        "total_sent": 277,
        "total_delivered": 277,
        "total_dropped": 0,
        "delivery_rate": 1.0,
        "avg_latency": 17.292418772563177,
        "avg_path_diversity": 1.0,
        "avg_hops": 3.4584837545126352,
        "avg_calcium_boost": 0.07198974779160386
      },
      "dijkstra": {
        "total_sent": 277,
        "total_delivered": 277,
        "total_dropped": 0,
        "delivery_rate": 1.0,
        "avg_latency": 15.5956678700361,
        "avg_path_diversity": 1.0,
        "avg_hops": 3.11913357400722
      }
    },
    "Random (20 nodes)": {
      "myroutelium": {
        "total_sent": 289,
        "total_delivered": 289,
        "total_dropped": 0,
        "delivery_rate": 1.0,
        "avg_latency": 34.060044405968995,
        "avg_path_diversity": 1.0,
        "avg_hops": 3.3494809688581313,
        "avg_calcium_boost": 0.04772309413254494
      },
      "dijkstra": {
        "total_sent": 289,
        "total_delivered": 289,
        "total_dropped": 0,
        "delivery_rate": 1.0,
        "avg_latency": 12.007064755441089,
        "avg_path_diversity": 1.0,
        "avg_hops": 2.577854671280277
      }
    },
    "Internet-like (35 nodes)": {
      "myroutelium": {
        "total_sent": 291,
        "total_delivered": 284,
        "total_dropped": 7,
        "delivery_rate": 0.9759450171821306,
        "avg_latency": 26.362676056338028,
        "avg_path_diversity": 1.0,
        "avg_hops": 5.253521126760563,
        "avg_calcium_boost": 0.023192355998241567
      },
      "dijkstra": {
        "total_sent": 291,
        "total_delivered": 291,
        "total_dropped": 0,
        "delivery_rate": 1.0,
        "avg_latency": 19.903780068728523,
        "avg_path_diversity": 1.0,
        "avg_hops": 3.0996563573883162
      }
    }
  },
  "Traffic": {
    "Uniform": {
      "myroutelium": {
        "total_sent": 289,
        "total_delivered": 289,
        "total_dropped": 0,
        "delivery_rate": 1.0,
        "avg_latency": 25.259515570934255,
        "avg_path_diversity": 1.0,
        "avg_hops": 5.051903114186851,
        "avg_calcium_boost": 0.06487392139751381
      },
      "dijkstra": {
        "total_sent": 289,
        "total_delivered": 289,
        "total_dropped": 0,
        "delivery_rate": 1.0,
        "avg_latency": 16.124567474048444,
        "avg_path_diversity": 1.0,
        "avg_hops": 3.2249134948096887
      }
    },
    "Hotspot (center)": {
      "myroutelium": {
        "total_sent": 900,
        "total_delivered": 900,
        "total_dropped": 0,
        "delivery_rate": 1.0,
        "avg_latency": 15.255555555555556,
        "avg_path_diversity": 0.9566666666666667,
        "avg_hops": 3.051111111111111,
        "avg_calcium_boost": 0.12006689461199063
      },
      "dijkstra": {
        "total_sent": 900,
        "total_delivered": 900,
        "total_dropped": 0,
        "delivery_rate": 1.0,
        "avg_latency": 12.6,
        "avg_path_diversity": 0.951111111111111,
        "avg_hops": 2.52
      }
    },
    "Bursty": {
      "myroutelium": {
        "total_sent": 331,
        "total_delivered": 331,
        "total_dropped": 0,
        "delivery_rate": 1.0,
        "avg_latency": 25.267658730158733,
        "avg_path_diversity": 1.0,
        "avg_hops": 5.053531746031746,
        "avg_calcium_boost": 0.023753999993306168
      },
      "dijkstra": {
        "total_sent": 331,
        "total_delivered": 331,
        "total_dropped": 0,
        "delivery_rate": 1.0,
        "avg_latency": 16.44265873015873,
        "avg_path_diversity": 1.0,
        "avg_hops": 3.288531746031746
      }
    },
    "Heavy load": {
      "myroutelium": {
        "total_sent": 1432,
        "total_delivered": 1432,
        "total_dropped": 0,
        "delivery_rate": 1.0,
        "avg_latency": 23.649166666666666,
        "avg_path_diversity": 0.9971666666666666,
        "avg_hops": 4.729833333333334,
        "avg_calcium_boost": 0.1269449210741486
      },
      "dijkstra": {
        "total_sent": 1432,
        "total_delivered": 1432,
        "total_dropped": 0,
        "delivery_rate": 1.0,
        "avg_latency": 16.7375,
        "avg_path_diversity": 0.9951666666666668,
        "avg_hops": 3.3475
      }
    }
  },
  "Failures": {
    "Random link failures": {
      "myroutelium": {
        "total_sent": 294,
        "total_delivered": 294,
        "total_dropped": 0,
        "delivery_rate": 1.0,
        "avg_latency": 26.122448979591837,
        "avg_path_diversity": 1.0,
        "avg_hops": 5.224489795918367,
        "avg_calcium_boost": 0.03864475956864612
      },
      "dijkstra": {
        "total_sent": 294,
        "total_delivered": 294,
        "total_dropped": 0,
        "delivery_rate": 1.0,
        "avg_latency": 16.802721088435373,
        "avg_path_diversity": 1.0,
        "avg_hops": 3.360544217687075
      }
    },
    "Critical node failure": {
      "myroutelium": {
        "total_sent": 281,
        "total_delivered": 281,
        "total_dropped": 0,
        "delivery_rate": 1.0,
        "avg_latency": 25.516014234875446,
        "avg_path_diversity": 1.0,
        "avg_hops": 5.103202846975089,
        "avg_calcium_boost": 0.059289112288997504
      },
      "dijkstra": {
        "total_sent": 281,
        "total_delivered": 281,
        "total_dropped": 0,
        "delivery_rate": 1.0,
        "avg_latency": 16.298932384341636,
        "avg_path_diversity": 1.0,
        "avg_hops": 3.2597864768683276
      }
    },
    "Cascading failures": {
      "myroutelium": {
        "total_sent": 439,
        "total_delivered": 439,
        "total_dropped": 0,
        "delivery_rate": 1.0,
        "avg_latency": 24.807073954983924,
        "avg_path_diversity": 1.0,
        "avg_hops": 4.961414790996785,
        "avg_calcium_boost": 0.03965954285300469
      },
      "dijkstra": {
        "total_sent": 439,
        "total_delivered": 439,
        "total_dropped": 0,
        "delivery_rate": 1.0,
        "avg_latency": 17.106109324758844,
        "avg_path_diversity": 1.0,
        "avg_hops": 3.4212218649517685
      }
    }
  },
  "Scalability": {
    "3x3 (9 nodes)": {
      "myroutelium": {
        "total_sent": 84,
        "total_delivered": 84,
        "total_dropped": 0,
        "delivery_rate": 1.0,
        "avg_latency": 12.55952380952381,
        "avg_path_diversity": 1.0,
        "avg_hops": 2.511904761904762,
        "avg_calcium_boost": 0.05434051833748654
      },
      "dijkstra": {
        "total_sent": 84,
        "total_delivered": 84,
        "total_dropped": 0,
        "delivery_rate": 1.0,
        "avg_latency": 10.535714285714286,
        "avg_path_diversity": 1.0,